"Status","Start Time","Stop Time","Duration in ms","Parent Suite","Suite","Sub Suite","Test Class","Test Method","Name","Description"
"passed","Fri Oct 16 17:57:50 CST 2020","Fri Oct 16 17:57:55 CST 2020","5279","","test_03","TestSystem","","","test_10[data0]",""
"passed","Fri Oct 16 18:00:01 CST 2020","Fri Oct 16 18:00:04 CST 2020","2961","","test_08","TestSystem","","","test_49",""
"passed","Fri Oct 16 18:00:52 CST 2020","Fri Oct 16 18:00:59 CST 2020","6945","","test_11","TestSystem","","","test_60",""
"passed","Fri Oct 16 17:58:40 CST 2020","Fri Oct 16 17:58:44 CST 2020","3995","","test_04","TestSystem","","","test_24[data0]",""
"skipped","Fri Oct 16 18:01:47 CST 2020","Fri Oct 16 18:01:47 CST 2020","0","","test_13","TestSystem","","","test_72[data0]",""
"passed","Fri Oct 16 17:59:01 CST 2020","Fri Oct 16 17:59:03 CST 2020","1966","","test_05","TestSystem","","","test_33",""
"passed","Fri Oct 16 18:01:40 CST 2020","Fri Oct 16 18:01:44 CST 2020","3873","","test_13","TestSystem","","","test_70",""
"passed","Fri Oct 16 18:01:33 CST 2020","Fri Oct 16 18:01:37 CST 2020","3596","","test_13","TestSystem","","","test_68",""
"passed","Fri Oct 16 18:00:42 CST 2020","Fri Oct 16 18:00:49 CST 2020","7511","","test_11","TestSystem","","","test_58",""
"passed","Fri Oct 16 17:57:18 CST 2020","Fri Oct 16 17:57:23 CST 2020","5313","","test_01","TestSystem","","","test_05[data0]",""
"passed","Fri Oct 16 18:01:15 CST 2020","Fri Oct 16 18:01:20 CST 2020","5086","","test_12","TestSystem","","","test_64[data0]",""
"passed","Fri Oct 16 18:00:25 CST 2020","Fri Oct 16 18:00:28 CST 2020","2435","","test_08","TestSystem","","","test_53[data0]",""
"passed","Fri Oct 16 17:58:12 CST 2020","Fri Oct 16 17:58:15 CST 2020","3527","","test_03","TestSystem","","","test_15",""
"passed","Fri Oct 16 18:00:49 CST 2020","Fri Oct 16 18:00:52 CST 2020","2701","","test_11","TestSystem","","","test_59[data0]",""
"passed","Fri Oct 16 17:58:33 CST 2020","Fri Oct 16 17:58:37 CST 2020","3410","","test_04","TestSystem","","","test_22[data0]",""
"passed","Fri Oct 16 18:00:40 CST 2020","Fri Oct 16 18:00:42 CST 2020","2372","","test_09","TestSystem","","","test_57",""
"passed","Fri Oct 16 18:01:09 CST 2020","Fri Oct 16 18:01:15 CST 2020","6076","","test_12","TestSystem","","","test_63",""
"passed","Fri Oct 16 17:58:20 CST 2020","Fri Oct 16 17:58:24 CST 2020","3914","","test_04","TestSystem","","","test_18",""
"passed","Fri Oct 16 18:01:26 CST 2020","Fri Oct 16 18:01:33 CST 2020","6772","","test_13","TestSystem","","","test_67",""
"passed","Fri Oct 16 18:01:05 CST 2020","Fri Oct 16 18:01:09 CST 2020","3736","","test_12","TestSystem","","","test_62[data0]",""
"passed","Fri Oct 16 18:00:00 CST 2020","Fri Oct 16 18:00:01 CST 2020","1663","","test_08","TestSystem","","","test_48",""
"passed","Fri Oct 16 17:57:32 CST 2020","Fri Oct 16 17:57:36 CST 2020","3622","","test_02","TestSystem","","","test_08[data0]",""
"passed","Fri Oct 16 17:59:29 CST 2020","Fri Oct 16 17:59:32 CST 2020","3137","","test_07","TestSystem","","","test_41",""
"passed","Fri Oct 16 17:59:42 CST 2020","Fri Oct 16 17:59:47 CST 2020","5040","","test_08","TestSystem","","","test_45[data0]",""
"passed","Fri Oct 16 18:01:20 CST 2020","Fri Oct 16 18:01:23 CST 2020","2376","","test_12","TestSystem","","","test_65[data0]",""
"passed","Fri Oct 16 17:59:16 CST 2020","Fri Oct 16 17:59:19 CST 2020","3516","","test_07","TestSystem","","","test_37[data0]",""
"passed","Fri Oct 16 17:57:13 CST 2020","Fri Oct 16 17:57:18 CST 2020","4636","","test_01","TestSystem","","","test_04",""
"passed","Fri Oct 16 18:00:35 CST 2020","Fri Oct 16 18:00:37 CST 2020","2388","","test_09","TestSystem","","","test_55[data0]",""
"passed","Fri Oct 16 17:57:23 CST 2020","Fri Oct 16 17:57:28 CST 2020","4526","","test_02","TestSystem","","","test_06",""
"passed","Fri Oct 16 18:01:57 CST 2020","Fri Oct 16 18:02:00 CST 2020","2355","","test_14","TestSystem","","","test_76",""
"passed","Fri Oct 16 17:59:03 CST 2020","Fri Oct 16 17:59:05 CST 2020","1919","","test_05","TestSystem","","","test_34",""
"passed","Fri Oct 16 17:58:50 CST 2020","Fri Oct 16 17:58:54 CST 2020","3293","","test_04","TestSystem","","","test_27",""
"passed","Fri Oct 16 17:58:59 CST 2020","Fri Oct 16 17:59:01 CST 2020","1955","","test_05","TestSystem","","","test_32",""
"passed","Fri Oct 16 18:00:04 CST 2020","Fri Oct 16 18:00:08 CST 2020","3233","","test_08","TestSystem","","","test_50",""
"passed","Fri Oct 16 17:57:36 CST 2020","Fri Oct 16 17:57:40 CST 2020","3438","","test_02","TestSystem","","","test_09[data0]",""
"passed","Fri Oct 16 17:57:58 CST 2020","Fri Oct 16 17:58:03 CST 2020","4871","","test_03","TestSystem","","","test_12[data0]",""
"passed","Fri Oct 16 18:00:08 CST 2020","Fri Oct 16 18:00:11 CST 2020","3277","","test_08","TestSystem","","","test_51",""
"passed","Fri Oct 16 18:00:37 CST 2020","Fri Oct 16 18:00:40 CST 2020","2284","","test_09","TestSystem","","","test_56[data0]",""
"passed","Fri Oct 16 17:58:24 CST 2020","Fri Oct 16 17:58:27 CST 2020","3342","","test_04","TestSystem","","","test_19[data0]",""
"passed","Fri Oct 16 18:01:37 CST 2020","Fri Oct 16 18:01:40 CST 2020","3381","","test_13","TestSystem","","","test_69",""
"passed","Fri Oct 16 18:00:59 CST 2020","Fri Oct 16 18:01:05 CST 2020","6126","","test_12","TestSystem","","","test_61",""
"passed","Fri Oct 16 17:57:08 CST 2020","Fri Oct 16 17:57:11 CST 2020","2626","","test_01","TestSystem","","","test_02[data0]",""
"passed","Fri Oct 16 17:58:37 CST 2020","Fri Oct 16 17:58:40 CST 2020","3017","","test_04","TestSystem","","","test_23[data0]",""
"passed","Fri Oct 16 17:59:19 CST 2020","Fri Oct 16 17:59:22 CST 2020","2503","","test_07","TestSystem","","","test_38",""
"passed","Fri Oct 16 17:59:47 CST 2020","Fri Oct 16 17:59:54 CST 2020","7206","","test_08","TestSystem","","","test_46[data0]",""
"passed","Fri Oct 16 18:01:44 CST 2020","Fri Oct 16 18:01:47 CST 2020","3330","","test_13","TestSystem","","","test_71",""
"passed","Fri Oct 16 17:58:30 CST 2020","Fri Oct 16 17:58:33 CST 2020","3009","","test_04","TestSystem","","","test_21[data0]",""
"passed","Fri Oct 16 17:58:44 CST 2020","Fri Oct 16 17:58:47 CST 2020","3164","","test_04","TestSystem","","","test_25",""
"passed","Fri Oct 16 18:01:55 CST 2020","Fri Oct 16 18:01:57 CST 2020","2342","","test_14","TestSystem","","","test_75[data0]",""
"skipped","Fri Oct 16 17:58:54 CST 2020","Fri Oct 16 17:58:54 CST 2020","0","","test_04","TestSystem","","","test_28[data0]",""
"passed","Fri Oct 16 17:59:32 CST 2020","Fri Oct 16 17:59:35 CST 2020","2566","","test_07","TestSystem","","","test_43",""
"passed","Fri Oct 16 17:59:35 CST 2020","Fri Oct 16 17:59:42 CST 2020","6746","","test_08","TestSystem","","","test_44",""
"passed","Fri Oct 16 17:58:54 CST 2020","Fri Oct 16 17:58:55 CST 2020","1072","","test_04","TestSystem","","","test_29",""
"passed","Fri Oct 16 18:00:28 CST 2020","Fri Oct 16 18:00:35 CST 2020","6991","","test_09","TestSystem","","","test_54",""
"passed","Fri Oct 16 17:58:07 CST 2020","Fri Oct 16 17:58:12 CST 2020","4801","","test_03","TestSystem","","","test_14[data0]",""
"passed","Fri Oct 16 17:59:26 CST 2020","Fri Oct 16 17:59:29 CST 2020","3213","","test_07","TestSystem","","","test_40",""
"passed","Fri Oct 16 17:57:04 CST 2020","Fri Oct 16 17:57:08 CST 2020","4664","","test_01","TestSystem","","","test_01",""
"passed","Fri Oct 16 17:57:28 CST 2020","Fri Oct 16 17:57:32 CST 2020","4801","","test_02","TestSystem","","","test_07",""
"passed","Fri Oct 16 17:57:40 CST 2020","Fri Oct 16 17:57:50 CST 2020","10058","","test_02","TestSystem","","","test_10",""
"passed","Fri Oct 16 17:59:05 CST 2020","Fri Oct 16 17:59:12 CST 2020","6976","","test_07","TestSystem","","","test_35",""
"passed","Fri Oct 16 17:58:55 CST 2020","Fri Oct 16 17:58:57 CST 2020","2701","","test_05","TestSystem","","","test_30",""
"passed","Fri Oct 16 18:00:11 CST 2020","Fri Oct 16 18:00:25 CST 2020","14562","","test_08","TestSystem","","","test_52[data0]",""
"passed","Fri Oct 16 17:58:57 CST 2020","Fri Oct 16 17:58:59 CST 2020","1979","","test_05","TestSystem","","","test_31",""
"passed","Fri Oct 16 17:57:11 CST 2020","Fri Oct 16 17:57:13 CST 2020","2284","","test_01","TestSystem","","","test_03[data0]",""
"passed","Fri Oct 16 17:59:12 CST 2020","Fri Oct 16 17:59:16 CST 2020","3581","","test_07","TestSystem","","","test_36[data0]",""
"passed","Fri Oct 16 17:59:22 CST 2020","Fri Oct 16 17:59:26 CST 2020","4350","","test_07","TestSystem","","","test_39",""
"passed","Fri Oct 16 17:58:03 CST 2020","Fri Oct 16 17:58:07 CST 2020","3563","","test_03","TestSystem","","","test_13",""
"passed","Fri Oct 16 17:58:15 CST 2020","Fri Oct 16 17:58:17 CST 2020","2312","","test_03","TestSystem","","","test_16[data0]",""
"passed","Fri Oct 16 18:01:47 CST 2020","Fri Oct 16 18:01:55 CST 2020","7936","","test_14","TestSystem","","","test_74",""
"passed","Fri Oct 16 17:58:47 CST 2020","Fri Oct 16 17:58:50 CST 2020","3300","","test_04","TestSystem","","","test_26[data0]",""
"passed","Fri Oct 16 17:57:55 CST 2020","Fri Oct 16 17:57:58 CST 2020","3486","","test_03","TestSystem","","","test_11",""
"passed","Fri Oct 16 18:01:23 CST 2020","Fri Oct 16 18:01:26 CST 2020","3612","","test_12","TestSystem","","","test_66",""
"passed","Fri Oct 16 17:58:17 CST 2020","Fri Oct 16 17:58:20 CST 2020","2398","","test_03","TestSystem","","","test_17",""
"passed","Fri Oct 16 17:59:54 CST 2020","Fri Oct 16 18:00:00 CST 2020","5632","","test_08","TestSystem","","","test_47[data0]",""
"passed","Fri Oct 16 17:58:27 CST 2020","Fri Oct 16 17:58:30 CST 2020","3089","","test_04","TestSystem","","","test_20[data0]",""
